Workbook

Sheet PLP05
A1: Supplier | B1: Column1
A2: AAA001 | B2: =VLOOKUP(A2,Sheet1!A:A,1,0) -> AAA001
A3: AAASTAMP | B3: =VLOOKUP(A3,Sheet1!A:A,1,0) -> AAASTAMP
A4: ABBT01 | B4: =VLOOKUP(A4,Sheet1!A:A,1,0) -> ABBT01
A5: ACCMFG | B5: =VLOOKUP(A5,Sheet1!A:A,1,0) -> ACCMFG
A6: ACCUTURN | B6: =VLOOKUP(A6,Sheet1!A:A,1,0) -> ACCUTURN
A7: ACOM01 | B7: =VLOOKUP(A7,Sheet1!A:A,1,0) -> ACOM01
A8: ACTTEST | B8: =VLOOKUP(A8,Sheet1!A:A,1,0) -> ACTTEST
A9: ADCONSUL | B9: =VLOOKUP(A9,Sheet1!A:A,1,0) -> ADCONSUL
A10: ADECCO | B10: =VLOOKUP(A10,Sheet1!A:A,1,0) -> ADECCO
A11: ADVANCEH | B11: =VLOOKUP(A11,Sheet1!A:A,1,0) -> ADVANCEH
A12: ADVANTAG | B12: =VLOOKUP(A12,Sheet1!A:A,1,0) -> ADVANTAG
A13: AER001 | B13: =VLOOKUP(A13,Sheet1!A:A,1,0) -> AER001
... A311: YOST | B311: =VLOOKUP(A311,Sheet1!A:A,1,0) -> YOST

Sheet SupplierMasterList
A1: Supplier | B1: SUNO
A2: IGS | B2: 10001 | D2: start with 2
A3: SUMAX | B3: 10002
A4: NING70 | B4: 10003
A5: ASBRAZIL | B5: 10004
A6: LDK | B6: 10005
A7: RAINBOW | B7: 10006
A8: XIAMEN | B8: 10007
A9: SUNZO | B9: 10008
A10: DURABLE | B10: 10009
A11: FANGXING | B11: 10010
A12: LONGXIAN | B12: 10011
A13: CREATCOM | B13: 10012
A14: PROHOS | B14: 10013
... A445: REFKNT | B445: 10444

Sheet Sheet1
A1: SUPN05 | B1: SUNO | C1: SUCL | D1: ORTY | E1: TEDL | F1: MODL | G1: CFI1 | H1: BUYE
A2: RAINBOW | B2: 20001 | C2: ZZZ | D2: D01 | E2: FOB | F2: 001 | H2: USSXU
A3: IGS | B3: 20002 | C3: INT | D3: D01 | E3: FOB | F3: 001 | G3: INT0218 | H3: USSPATE
A4: NING70 | B4: 20003 | C4: ZZZ | D4: D01 | E4: FOB | F4: 001 | H4: USAPALI
A5: SUMAX | B5: 20004 | C5: ZZZ | D5: D01 | E5: FOB | F5: 001 | H5: USAPALI
A6: PROHOS | B6: 20005 | C6: ZZZ | D6: D01 | E6: DAP | F6: 003 | H6: USAPALI
A7: COHESION | B7: 20006 | C7: ZZZ | D7: D01 | E7: FOB | F7: 001 | H7: USKOUTH
A8: DURABLE | B8: 20007 | C8: ZZZ | D8: D01 | E8: FOB | F8: 001 | H8: USKOUTH
A9: SUNZO | B9: 20008 | C9: ZZZ | D9: D01 | E9: FOB | F9: 001 | H9: USSXU
A10: KAPCO | B10: 20009 | C10: ZZZ | D10: D01 | E10: FOB | F10: 001
A11: LDK | B11: 20010 | C11: ZZZ | D11: D01 | E11: FOB | F11: 001 | H11: USAPALI
A12: REMESA | B12: 20011 | C12: ZZZ | D12: D01 | E12: DAP | F12: 003 | H12: USSXU
A13: LONGXIAN | B13: 20012 | C13: ZZZ | D13: D01 | E13: FOB | F13: 001 | H13: USSPATE
A14: MAR002 | B14: 20013 | C14: ZZZ | D14: D01 | E14: DAP | F14: 003 | H14: USAPALI
A15: STU001 | B15: 20014 | C15: ZZZ | D15: D01 | E15: FOB | F15: 001
A16: XIAMEN | B16: 20015 | C16: ZZZ | D16: D01 | E16: FOB | F16: 001 | H16: USAPALI
A17: PENGCHEN | B17: 20016 | C17: ZZZ | D17: D01 | E17: FOB | F17: 001 | H17: USAPALI
A18: MEGAHOO | B18: 20017 | C18: ZZZ | D18: D01 | E18: FOB | F18: 001 | H18: ???
A19: HUBBARD | B19: 20018 | C19: ZZZ | D19: D01 | E19: DAP | F19: 003 | H19: USSXU
A20: POL001 | B20: 20019 | C20: ZZZ | D20: D01 | E20: DAP | F20: 003 | H20: USAPALI
A21: ASTIANJ | B21: 20020 | C21: ZZZ | D21: D01 | E21: FOB | F21: 001 | H21: USAPALI
A22: MINICUT | B22: 20021 | C22: ZZZ | D22: D01 | E22: FOB | F22: 001 | H22: USAPALI
A23: SCH001 | B23: 20022 | C23: ZZZ | D23: D01 | E23: DAP | F23: 003 | H23: USSXU
A24: SCH002 | B24: 20023 | C24: ZZZ | D24: D01 | E24: DAP | F24: 003 | H24: USSXU
A25: SPRAY | B25: 20024 | C25: SUB | D25: D70 | E25: DAP | F25: 003
A26: NEWLAND | B26: 20025 | C26: ZZZ | D26: D01 | E26: FOB | F26: 001 | H26: USAPALI
A27: MAR001 | B27: 20026 | C27: ZZZ | D27: D01 | E27: DAP | F27: 003
A28: KALLER | B28: 20027 | C28: INT | D28: D01 | E28: DAP | F28: 003 | G28: INT0096
A29: OLYMCO | B29: 20028 | C29: SUB | D29: D70 | E29: DAP | F29: 003
A30: IPSGROUP | B30: 20029 | C30: SUB | D30: D70 | E30: DAP | F30: 003
A31: PAC003 | B31: 20030 | C31: MRO | D31: D04 | E31: DAP | F31: 003
A32: ASTI | B32: 20031 | C32: ZZZ | D32: D01 | E32: DAP | F32: 003 | H32: USAPALI
A33: TECUMSEH | B33: 20032 | C33: MRO | D33: D04 | E33: DAP | F33: 003
A34: WELCH | B34: 20033 | C34: MRO | D34: D04 | E34: DAP | F34: 003
A35: SEEGER | B35: 20034 | C35: ZZZ | D35: D01 | E35: FOB | F35: 001
A36: CROWNLIF | B36: 20035 | C36: MRO | D36: D04 | E36: DAP | F36: 003
A37: ALL001 | B37: 20036 | C37: SUB | D37: D70 | E37: DAP | F37: 003
A38: NOVI | B38: 20037 | C38: ZZZ | D38: D01 | E38: DAP | F38: 003
A39: CARRDAN | B39: 20038 | C39: ZZZ | D39: D01 | E39: DAP | F39: 003
A40: CREATCOM | B40: 20039 | C40: ZZZ | D40: D01 | E40: FOB | F40: 001 | H40: USAPALI
A41: CAPITOLC | B41: 20040 | C41: ZZZ | D41: D01 | E41: DAP | F41: 003
A42: MARL50 | B42: 20041 | C42: ZZZ | D42: D01 | E42: DAP | F42: 003
A43: MIDTOWN | B43: 20042 | C43: MRO | D43: D04 | E43: DAP | F43: 003
A44: STPI | B44: 20043 | C44: ZZZ | D44: D01 | E44: DAP | F44: 003 | H44: USAPALI
A45: ULI002 | B45: 20044 | C45: MRO | D45: D04 | E45: DAP | F45: 003
A46: GLOBLGAS | B46: 20045 | C46: ZZZ | D46: D01 | E46: FOB | F46: 001
A47: RAYMEX | B47: 20046 | C47: INT | D47: D01 | E47: DAP | F47: 003 | G47: INT0084
A48: ROM001 | B48: 20047 | C48: MRO | D48: D04 | E48: DAP | F48: 003
A49: RAYUK | B49: 20048 | C49: INT | D49: D01 | E49: FOB | F49: 001 | G49: INT0035
A50: ASCORR | B50: 20049 | C50: ZZZ | D50: D01 | E50: DAP | F50: 003
A51: VUL001 | B51: 20050 | C51: ZZZ | D51: D01 | E51: DAP | F51: 003
A52: CDW001 | B52: 20051 | C52: MRO | D52: D04 | E52: DAP | F52: 003
A53: STOC50 | B53: 20052 | C53: ZZZ | D53: D01 | E53: DAP | F53: 003
A54: RAYFR | B54: 20053 | C54: INT | D54: D01 | E54: FOB | F54: 001 | G54: INT0055
A55: MAVERICK | B55: 20054 | C55: ZZZ | D55: D01 | E55: DAP | F55: 003
A56: TAI | B56: 20055 | C56: ZZZ | D56: D01 | E56: FOB | F56: 001
A57: JETLUBUS | B57: 20056 | C57: MRO | D57: D04 | E57: DAP | F57: 003
A58: BOT001 | B58: 20057 | C58: ZZZ | D58: D01 | E58: DAP | F58: 003
A59: JOHNSCA | B59: 20058 | C59: MRO | D59: D04 | E59: DAP | F59: 003
A60: NAT004 | B60: 20059 | C60: SUB | D60: D70 | E60: DAP | F60: 003
A61: AMAIN | B61: 20060 | C61: ZZZ | D61: D01 | E61: FOB | F61: 001
A62: HARCO | B62: 20061 | C62: ZZZ | D62: D01 | E62: DAP | F62: 003
A63: MCMASTER | B63: 20062 | C63: ZZZ | D63: D01 | E63: DAP | F63: 003
A64: HANI50 | B64: 20063 | C64: ZZZ | D64: D01 | E64: FOB | F64: 001
A65: DIA001 | B65: 20064 | C65: ZZZ | D65: D01 | E65: DAP | F65: 003
A66: CHIPNEU | B66: 20065 | C66: MRO | D66: D04 | E66: DAP | F66: 003
... A93: YUH | B93: 20092 | C93: ZZZ | D93: D01 | E93: FOB | F93: 001
A94: ASIA-RAY | B94: 20093 | C94: INT | D94: D01 | E94: FOB | F94: 001 | G94: INT0057
A95: BARCODE | B95: 20094 | C95: MRO | D95: D04 | E95: DAP | F95: 003
A96: ACTTEST | B96: 20095 | C96: MRO | D96: D04 | E96: DAP | F96: 003
A97: DESIGNER | B97: 20096 | C97: MRO | D97: D04 | E97: DAP | F97: 003
A98: AME007 | B98: 20097 | C98: ZZZ | D98: D01 | E98: DAP | F98: 003
A99: IHSGLOBL | B99: 20098 | C99: MRO | D99: D04 | E99: DAP | F99: 003
A100: GRIND | B100: 20099 | C100: MRO | D100: D04 | E100: DAP | F100: 003
A101: DEPENDAB | B101: 20100 | C101: ZZZ | D101: D01 | E101: DAP | F101: 003
A102: STRAQUAL | B102: 20101 | C102: MRO | D102: D04 | E102: DAP | F102: 003
A103: BGRINC | B103: 20102 | C103: MRO | D103: D04 | E103: DAP | F103: 003
A104: HAGUDEN | B104: 20103 | C104: ZZZ | D104: D01 | E104: DAP | F104: 003
A105: AAASTAMP | B105: 20104 | C105: ZZZ | D105: D01 | E105: DAP | F105: 003
A106: ANTIBUS | B106: 20105 | C106: MRO | D106: D04 | E106: DAP | F106: 003
... A174: CATI | B174: 20173 | C174: MRO | D174: D04 | E174: DAP | F174: 003
A175: CHINARAY | B175: 20174 | C175: ZZZ | D175: D01 | E175: FOB | F175: 001 | G175: INT0083
A176: CISP | B176: 20175 | C176: MRO | D176: D04 | E176: DAP | F176: 003
A177: COLGAS | B177: 20176 | C177: MRO | D177: D04 | E177: DAP | F177: 003
A178: COMMERCE | B178: 20177 | C178: MRO | D178: D04 | E178: DAP | F178: 003
A179: CORCEN | B179: 20178 | C179: MRO | D179: D04 | E179: DAP | F179: 003
A180: CREATREF | B180: 20179 | C180: MRO | D180: D04 | E180: DAP | F180: 003
A181: CULLIGAN | B181: 20180 | C181: MRO | D181: D04 | E181: DAP | F181: 003
A182: CURBSTON | B182: 20181 | C182: MRO | D182: D04 | E182: DAP | F182: 003
A183: DIRBUS | B183: 20182 | C183: MRO | D183: D04 | E183: DAP | F183: 003
A184: DUN005 | B184: 20183 | C184: MRO | D184: D04 | E184: DAP | F184: 003
A185: EMK001 | B185: 20184 | C185: MRO | D185: D04 | E185: DAP | F185: 003
A186: EMPLOYER | B186: 20185 | C186: MRO | D186: D04 | E186: DAP | F186: 003
A187: ENDEAVOR | B187: 20186 | C187: MRO | D187: D04 | E187: DAP | F187: 003
... A293: CLEANCR | B293: 20295 | C293: MRO | D293: D04 | E293: DAP | F293: 003
A294: HYSON | B294: 20297 | C294: INT | D294: D01 | E294: DAP | F294: 003 | G294: INT0096
A295: PERRYPRO | B295: 20298 | C295: MRO | D295: D04 | E295: DAP | F295: 003
A296: PREMIER | B296: 20299 | C296: MRO | D296: D04 | E296: DAP | F296: 003
A297: RENTOHIO | B297: 20300 | C297: MRO | D297: D04 | E297: DAP | F297: 003
A298: SAFKLEEN | B298: 20301 | C298: MRO | D298: D04 | E298: DAP | F298: 003
...
